{"alpha": 1.5, "D40": 0.030909934922433036, "c": 300000.0, "h": 0.6704, "H0": 67.04, "Oc": 0.2678467170954825, "Ob": 0.04902142275334499, "Om": 0.3168681398488275, "ns": 0.9619, "rhoc": 124741464816.32654, "G": 6.67e-08, "rcr": 8.936779918570714e-30, "rhob": 6115004081.632653, "mp": 8.40969762e-58, "mb": 1.025572880487805e-57, "nb": 5.962525138851277e+66, "fHe": 0.07899999999999996, "OLambda": 0.6831318601511724, "hpl": 4.136e-15, "lambda_a": 3.9410560000000004e-30, "nu_a": 2470000000000000.0, "eB": 1.11569e-22, "A10": 2.85e-15, "fHI": 0.921, "c_cms": 30000000000.0, "n0": 2.280130293159609e-07, "h_planck": 4.136e-15, "k": 15899.298299953953}